{
  "type": "FeatureCollection",
  "generator": "overpass-turbo",
  "copyright": "The data included in this document is from www.openstreetmap.org. The data is made available under ODbL.",
  "timestamp": "2026-08-24T18:12:11Z",
  "features": [
    {
      "type": "Feature",
      "properties": {
        "@id": "way/90989955",
        "landuse": "industrial"
      },
      "geometry": {
        "type": "Polygon",
        "coordinates": [
          [
            [
              85.1591002,
              20.910311
            ],
            [
              85.1599567,
              20.9105907
            ],
            [
              85.1612609,
              20.9074518
            ],
            [
              85.1704249,
              20.9103364
            ],
            [
              85.1670382,
              20.9195945
            ],
            [
              85.1651954,
              20.9202923
            ],
            [
              85.1626554,
              20.9273169
            ],
            [
              85.1617091,
              20.9271308
            ],
            [
              85.1578617,
              20.9212667
            ],
            [
              85.1548694,
              20.9207295
            ],
            [
              85.1562936,
              20.9176602
            ],
            [
              85.1568282,
              20.9156944
            ],
            [
              85.1591002,
              20.910311
            ]
          ]
        ]
      },
      "id": "way/90989955"
    },
    {
      "type": "Feature",
      "properties": {
        "@id": "way/90989995",
        "landuse": "industrial",
        "name": "NALCO"
      },
      "geometry": {
        "type": "Polygon",
        "coordinates": [
          [
            [
              85.170568,
              20.8271711
            ],
            [
              85.1704262,
              20.8272288
            ],
            [
              85.1702689,
              20.8272547
            ],
            [
              85.1702054,
              20.8274506
            ],
            [
              85.167347,
              20.8295217
            ],
            [
              85.1681281,
              20.8304644
            ],
            [
              85.1681205,
              20.8305462
            ],
            [
              85.1687429,
              20.8312877
            ],
            [
              85.1693775,
              20.8318945
            ],
            [
              85.1682653,
              20.8326194
            ],
            [
              85.1669335,
              20.8335031
            ],
            [
              85.1660038,
              20.8338614
            ],
            [
              85.1655978,
              20.8339548
            ],
            [
              85.1655392,
              20.8337897
            ],
            [
              85.1640357,
              20.8340974
            ],
            [
              85.1640819,
              20.8342687
            ],
            [
              85.1621335,
              20.834704
            ],
            [
              85.1605505,
              20.8350142
            ],
            [
              85.1592423,
              20.8351727
            ],
            [
              85.1585216,
              20.8370643
            ],
            [
              85.1576509,
              20.8393556
            ],
            [
              85.1576062,
              20.8396135
            ],
            [
              85.157932,
              20.8395203
            ],
            [
              85.1580543,
              20.8398308
            ],
            [
              85.1579965,
              20.8398543
            ],
            [
              85.1581311,
              20.8401595
            ],
            [
              85.15818,
              20.8403899
            ],
            [
              85.1575204,
              20.840482
            ],
            [
              85.157471,
              20.8405137
            ],
            [
              85.1575634,
              20.8411515
            ],
            [
              85.1554201,
              20.8407074
            ],
            [
              85.1554283,
              20.837891
            ],
            [
              85.1553523,
              20.8365173
            ],
            [
              85.1553964,
              20.8360128
            ],
            [
              85.1553123,
              20.8360086
            ],
            [
              85.1553622,
              20.8355335
            ],
            [
              85.1552367,
              20.835514
            ],
            [
              85.155097,
              20.8353092
            ],
            [
              85.1551503,
              20.8346483
            ],
            [
              85.1559651,
              20.8334564
            ],
            [
              85.1552163,
              20.8326011
            ],
            [
              85.1530923,
              20.8334076
            ],
            [
              85.151433,
              20.8328493
            ],
            [
              85.1475501,
              20.8281966
            ],
            [
              85.1451652,
              20.8251035
            ],
            [
              85.146138,
              20.8251407
            ],
            [
              85.1462928,
              20.8251549
            ],
            [
              85.1466784,
              20.8252712
            ],
            [
              85.1476651,
              20.825661
            ],
            [
              85.1480837,
              20.8258254
            ],
            [
              85.148172,
              20.8258576
            ],
            [
              85.1482604,
              20.8258726
            ],
            [
              85.1489534,
              20.8256747
            ],
            [
              85.1493707,
              20.8255326
            ],
            [
              85.1494531,
              20.8255047
            ],
            [
              85.1495251,
              20.8254591
            ],
            [
              85.1496658,
              20.8253442
            ],
            [
              85.1499919,
              20.8250361
            ],
            [
              85.1507073,
              20.8241428
            ],
            [
              85.152603,
              20.8238092
            ],
            [
              85.1538028,
              20.8236807
            ],
            [
              85.1544251,
              20.8235682
            ],
            [
              85.1551451,
              20.8234339
            ],
            [
              85.1561643,
              20.823287
            ],
            [
              85.1565851,
              20.8232293
            ],
            [
              85.1577186,
              20.8225157
            ],
            [
              85.1572181,
              20.8224815
            ],
            [
              85.1568873,
              20.8221547
            ],
            [
              85.1560445,
              20.8223378
            ],
            [
              85.15552,
              20.8216147
            ],
            [
              85.1554701,
              20.8215011
            ],
            [
              85.1553208,
              20.8210795
            ],
            [
              85.1550281,
              20.8201356
            ],
            [
              85.155211,
              20.8199781
            ],
            [
              85.1548721,
              20.8192707
            ],
            [
              85.1551916,
              20.8191919
            ],
            [
              85.1553054,
              20.8192415
            ],
            [
              85.1563714,
              20.8186958
            ],
            [
              85.1559159,
              20.817945
            ],
            [
              85.1558914,
              20.8178403
            ],
            [
              85.1558854,
              20.8173099
            ],
            [
              85.1559871,
              20.8171426
            ],
            [
              85.1560734,
              20.8170809
            ],
            [
              85.1574479,
              20.8162227
            ],
            [
              85.1576102,
              20.8161823
            ],
            [
              85.157801,
              20.816172
            ],
            [
              85.1581405,
              20.8162084
            ],
            [
              85.1584356,
              20.816225
            ],
            [
              85.1587433,
              20.8161952
            ],
            [
              85.1588645,
              20.8161786
            ],
            [
              85.1589817,
              20.8161489
            ],
            [
              85.1590254,
              20.8161555
            ],
            [
              85.1590603,
              20.8162018
            ],
            [
              85.1590277,
              20.8163176
            ],
            [
              85.1584655,
              20.8171413
            ],
            [
              85.1586053,
              20.8172703
            ],
            [
              85.1586228,
              20.8173365
            ],
            [
              85.158609,
              20.8174291
            ],
            [
              85.15831,
              20.8178244
            ],
            [
              85.1583729,
              20.8182403
            ],
            [
              85.1590135,
              20.8187689
            ],
            [
              85.1591024,
              20.8187358
            ],
            [
              85.1591452,
              20.8187524
            ],
            [
              85.1592966,
              20.8192005
            ],
            [
              85.1594537,
              20.8191501
            ],
            [
              85.1597906,
              20.8192042
            ],
            [
              85.1599024,
              20.8191056
            ],
            [
              85.1600503,
              20.8191522
            ],
            [
              85.1604393,
              20.8200455
            ],
            [
              85.1601171,
              20.8201118
            ],
            [
              85.1600515,
              20.8201681
            ],
            [
              85.1601957,
              20.8203715
            ],
            [
              85.1605332,
              20.8207809
            ],
            [
              85.1624457,
              20.8197182
            ],
            [
              85.1630055,
              20.821103
            ],
            [
              85.163097,
              20.8211259
            ],
            [
              85.1648917,
              20.8205422
            ],
            [
              85.1649565,
              20.8205372
            ],
            [
              85.1650086,
              20.8205597
            ],
            [
              85.1683582,
              20.8250328
            ],
            [
              85.1697189,
              20.8240402
            ],
            [
              85.170568,
              20.8271711
            ]
          ]
        ]
      },
      "id": "way/90989995"
    },
    {
      "type": "Feature",
      "properties": {
        "@id": "way/90989998",
        "landuse": "industrial",
        "name": "Angul Smelter power station",
        "operator": "National Aluminum Co Ltd",
        "plant:method": "combustion",
        "plant:output:electricity": "1200 MW",
        "plant:source": "coal",
        "power": "plant",
        "ref": "https://www.gem.wiki/Angul_Smelter_power_station",
        "start_date": "1985"
      },
      "geometry": {
        "type": "Polygon",
        "coordinates": [
          [
            [
              85.1860202,
              20.8631499
            ],
            [
              85.1862193,
              20.8570406
            ],
            [
              85.1851241,
              20.8569786
            ],
            [
              85.1851241,
              20.8454727
            ],
            [
              85.1912305,
              20.8454417
            ],
            [
              85.2006887,
              20.8428054
            ],
            [
              85.2024476,
              20.844046
            ],
            [
              85.2023481,
              20.8551489
            ],
            [
              85.195943,
              20.8565134
            ],
            [
              85.1943501,
              20.8583431
            ],
            [
              85.1946487,
              20.863553
            ],
            [
              85.1860202,
              20.8631499
            ]
          ]
        ]
      },
      "id": "way/90989998"
    },
    {
      "type": "Feature",
      "properties": {
        "@id": "way/151113257",
        "landuse": "industrial",
        "name": "Talcher Super Thermal Powerstation",
        "operator": "NTPC",
        "operator:wikidata": "Q1967805",
        "plant:method": "combustion",
        "plant:output:electricity": "3 GW",
        "plant:source": "coal",
        "power": "plant",
        "wikidata": "Q7679080"
      },
      "geometry": {
        "type": "Polygon",
        "coordinates": [
          [
            [
              85.069009,
              21.0866511
            ],
            [
              85.0693088,
              21.0863124
            ],
            [
              85.0695635,
              21.0860904
            ],
            [
              85.0702048,
              21.0856325
            ],
            [
              85.0705228,
              21.0862153
            ],
            [
              85.0713817,
              21.08591
            ],
            [
              85.0716271,
              21.0863835
            ],
            [
              85.0725436,
              21.0863887
            ],
            [
              85.0725548,
              21.0864391
            ],
            [
              85.0728057,
              21.086413
            ],
            [
              85.0731199,
              21.0864286
            ],
            [
              85.0731013,
              21.0866576
            ],
            [
              85.0746479,
              21.0866826
            ],
            [
              85.0762918,
              21.0867042
            ],
            [
              85.0764095,
              21.0867058
            ],
            [
              85.0765093,
              21.0867071
            ],
            [
              85.0765119,
              21.0855615
            ],
            [
              85.0765646,
              21.0834408
            ],
            [
              85.076613,
              21.0834044
            ],
            [
              85.0766228,
              21.0832656
            ],
            [
              85.0769041,
              21.0830963
            ],
            [
              85.0769094,
              21.0830325
            ],
            [
              85.0781871,
              21.0822082
            ],
            [
              85.0785,
              21.082088
            ],
            [
              85.0793598,
              21.0818452
            ],
            [
              85.0799224,
              21.0817495
            ],
            [
              85.0808768,
              21.0856966
            ],
            [
              85.0812974,
              21.0876984
            ],
            [
              85.0817129,
              21.0896461
            ],
            [
              85.0820836,
              21.0914147
            ],
            [
              85.0833929,
              21.0925579
            ],
            [
              85.0839476,
              21.0951335
            ],
            [
              85.084108,
              21.0960411
            ],
            [
              85.0841659,
              21.0972553
            ],
            [
              85.0836663,
              21.0991146
            ],
            [
              85.0834586,
              21.0995046
            ],
            [
              85.0829144,
              21.1004539
            ],
            [
              85.0828933,
              21.1008954
            ],
            [
              85.0828723,
              21.1016901
            ],
            [
              85.0829591,
              21.1020482
            ],
            [
              85.0821283,
              21.1021954
            ],
            [
              85.0786026,
              21.1028503
            ],
            [
              85.0788795,
              21.1040052
            ],
            [
              85.0788046,
              21.1041942
            ],
            [
              85.0787837,
              21.104247
            ],
            [
              85.0786243,
              21.1046492
            ],
            [
              85.0786764,
              21.1048955
            ],
            [
              85.0777338,
              21.1050568
            ],
            [
              85.0777227,
              21.1049753
            ],
            [
              85.0769605,
              21.1051609
            ],
            [
              85.0769772,
              21.1055632
            ],
            [
              85.0750437,
              21.1061616
            ],
            [
              85.0730489,
              21.1067756
            ],
            [
              85.0719465,
              21.1071172
            ],
            [
              85.0717643,
              21.1066732
            ],
            [
              85.0721547,
              21.1065605
            ],
            [
              85.0719743,
              21.1062518
            ],
            [
              85.0723424,
              21.1060784
            ],
            [
              85.0724763,
              21.1057904
            ],
            [
              85.0722904,
              21.1050811
            ],
            [
              85.0721491,
              21.1044185
            ],
            [
              85.0720357,
              21.1040509
            ],
            [
              85.0716546,
              21.1027275
            ],
            [
              85.0711954,
              21.1010833
            ],
            [
              85.0707697,
              21.1011717
            ],
            [
              85.0706544,
              21.1006895
            ],
            [
              85.0703179,
              21.1007277
            ],
            [
              85.0702584,
              21.1005039
            ],
            [
              85.0701171,
              21.10053
            ],
            [
              85.0700334,
              21.1003513
            ],
            [
              85.0697713,
              21.1003825
            ],
            [
              85.0694832,
              21.1003964
            ],
            [
              85.0688827,
              21.1003825
            ],
            [
              85.068838,
              21.1010711
            ],
            [
              85.0680777,
              21.1010295
            ],
            [
              85.0681223,
              21.1006496
            ],
            [
              85.0677709,
              21.1006514
            ],
            [
              85.0677486,
              21.1006965
            ],
            [
              85.0672913,
              21.1006479
            ],
            [
              85.0674084,
              21.1010191
            ],
            [
              85.0668804,
              21.1011336
            ],
            [
              85.066239,
              21.1012723
            ],
            [
              85.0661665,
              21.1012324
            ],
            [
              85.0660141,
              21.1004658
            ],
            [
              85.0657241,
              21.0990539
            ],
            [
              85.0653783,
              21.097479
            ],
            [
              85.0654638,
              21.0974634
            ],
            [
              85.0652853,
              21.0965667
            ],
            [
              85.0652109,
              21.0965788
            ],
            [
              85.0651998,
              21.096395
            ],
            [
              85.0651738,
              21.0963967
            ],
            [
              85.0649358,
              21.0952589
            ],
            [
              85.0646179,
              21.0937169
            ],
            [
              85.0648131,
              21.0935677
            ],
            [
              85.0645454,
              21.0933249
            ],
            [
              85.0643879,
              21.0925921
            ],
            [
              85.0642498,
              21.0919494
            ],
            [
              85.066074,
              21.0916357
            ],
            [
              85.066228,
              21.092222
            ],
            [
              85.0674263,
              21.0919779
            ],
            [
              85.0677728,
              21.0914516
            ],
            [
              85.0676278,
              21.0905652
            ],
            [
              85.0675664,
              21.0899113
            ],
            [
              85.0675553,
              21.0896286
            ],
            [
              85.0677736,
              21.0896585
            ],
            [
              85.0683414,
              21.0875267
            ],
            [
              85.069009,
              21.0866511
            ]
          ]
        ]
      },
      "id": "way/151113257"
    },
    {
      "type": "Feature",
      "properties": {
        "@id": "way/151139388",
        "building": "industrial",
        "industrial": "cooling"
      },
      "geometry": {
        "type": "Polygon",
        "coordinates": [
          [
            [
              85.07285,
              21.1045474
            ],
            [
              85.0728504,
              21.1045111
            ],
            [
              85.0728519,
              21.1043739
            ],
            [
              85.0741447,
              21.104386
            ],
            [
              85.0741428,
              21.1045596
            ],
            [
              85.07285,
              21.1045474
            ]
          ]
        ]
      },
      "id": "way/151139388"
    },
    {
      "type": "Feature",
      "properties": {
        "@id": "way/151139423",
        "building": "industrial",
        "industrial": "cooling"
      },
      "geometry": {
        "type": "Polygon",
        "coordinates": [
          [
            [
              85.0730974,
              21.1057795
            ],
            [
              85.0730979,
              21.105734
            ],
            [
              85.0730993,
              21.105606
            ],
            [
              85.074392,
              21.1056181
            ],
            [
              85.0743902,
              21.1057916
            ],
            [
              85.0730974,
              21.1057795
            ]
          ]
        ]
      },
      "id": "way/151139423"
    },
    {
      "type": "Feature",
      "properties": {
        "@id": "way/151139428",
        "building": "industrial",
        "industrial": "cooling"
      },
      "geometry": {
        "type": "Polygon",
        "coordinates": [
          [
            [
              85.0725803,
              21.103324
            ],
            [
              85.0725807,
              21.1032858
            ],
            [
              85.0725822,
              21.1031505
            ],
            [
              85.0738749,
              21.1031626
            ],
            [
              85.0738731,
              21.1033362
            ],
            [
              85.0725803,
              21.103324
            ]
          ]
        ]
      },
      "id": "way/151139428"
    },
    {
      "type": "Feature",
      "properties": {
        "@id": "way/151139443",
        "building": "industrial",
        "industrial": "cooling"
      },
      "geometry": {
        "type": "Polygon",
        "coordinates": [
          [
            [
              85.0723212,
              21.1020979
            ],
            [
              85.0723217,
              21.1020579
            ],
            [
              85.0723231,
              21.1019244
            ],
            [
              85.0736159,
              21.1019365
            ],
            [
              85.073614,
              21.10211
            ],
            [
              85.0723212,
              21.1020979
            ]
          ]
        ]
      },
      "id": "way/151139443"
    },
    {
      "type": "Feature",
      "properties": {
        "@id": "way/177572836",
        "addr:district": "Dhenkanal",
        "industrial": "metal_processing",
        "landuse": "industrial",
        "name": "Tata Steel Meramandali",
        "name:en": "Tata Steel Meramandali",
        "wikidata": "Q963101",
        "wikipedia": "en:Tata Steel"
      },
      "geometry": {
        "type": "Polygon",
        "coordinates": [
          [
            [
              85.2568403,
              20.8263302
            ],
            [
              85.2548719,
              20.8159154
            ],
            [
              85.2517084,
              20.8138127
            ],
            [
              85.250197,
              20.8025098
            ],
            [
              85.2509145,
              20.7822885
            ],
            [
              85.2571779,
              20.7815449
            ],
            [
              85.2723392,
              20.7843799
            ],
            [
              85.2679648,
              20.7972063
            ],
            [
              85.2638743,
              20.8083491
            ],
            [
              85.2614739,
              20.8115439
            ],
            [
              85.2610184,
              20.8120209
            ],
            [
              85.2610184,
              20.8146165
            ],
            [
              85.2631342,
              20.8195353
            ],
            [
              85.2584366,
              20.8203252
            ],
            [
              85.2579147,
              20.8236938
            ],
            [
              85.2585609,
              20.8264815
            ],
            [
              85.2568403,
              20.8263302
            ]
          ]
        ]
      },
      "id": "way/177572836"
    },
    {
      "type": "Feature",
      "properties": {
        "@id": "way/177572837",
        "landuse": "industrial"
      },
      "geometry": {
        "type": "Polygon",
        "coordinates": [
          [
            [
              85.2670043,
              20.8238638
            ],
            [
              85.2703786,
              20.8227467
            ],
            [
              85.2729094,
              20.8297116
            ],
            [
              85.2702236,
              20.8309392
            ],
            [
              85.2670043,
              20.8238638
            ]
          ]
        ]
      },
      "id": "way/177572837"
    },
    {
      "type": "Feature",
      "properties": {
        "@id": "way/177572839",
        "landuse": "industrial"
      },
      "geometry": {
        "type": "Polygon",
        "coordinates": [
          [
            [
              85.2780764,
              20.819757
            ],
            [
              85.2854579,
              20.8167015
            ],
            [
              85.2873937,
              20.820108
            ],
            [
              85.282284,
              20.8253725
            ],
            [
              85.2797929,
              20.8253255
            ],
            [
              85.2780764,
              20.819757
            ]
          ]
        ]
      },
      "id": "way/177572839"
    },
    {
      "type": "Feature",
      "properties": {
        "@id": "way/177572840",
        "landuse": "industrial",
        "name:en": "NBVL Kharagprasad Power Plant",
        "plant:method": "combustion",
        "plant:output:electricity": "95 MW",
        "plant:source": "coal",
        "power": "plant",
        "source": "https://www.gem.wiki/Kharagprasad_power_station"
      },
      "geometry": {
        "type": "Polygon",
        "coordinates": [
          [
            [
              85.2852821,
              20.8158473
            ],
            [
              85.2830677,
              20.8083889
            ],
            [
              85.29066,
              20.8048074
            ],
            [
              85.2921715,
              20.8019159
            ],
            [
              85.2983578,
              20.7994844
            ],
            [
              85.2993069,
              20.8044131
            ],
            [
              85.2939289,
              20.8065489
            ],
            [
              85.2951943,
              20.8115103
            ],
            [
              85.2945968,
              20.8122331
            ],
            [
              85.2852821,
              20.8158473
            ]
          ]
        ]
      },
      "id": "way/177572840"
    },
    {
      "type": "Feature",
      "properties": {
        "@id": "way/193361392",
        "landuse": "quarry"
      },
      "geometry": {
        "type": "Polygon",
        "coordinates": [
          [
            [
              85.0690967,
              20.8681625
            ],
            [
              85.0693166,
              20.8656055
            ],
            [
              85.0701473,
              20.8657196
            ],
            [
              85.0717355,
              20.8675689
            ],
            [
              85.0709536,
              20.8689616
            ],
            [
              85.0699274,
              20.8687333
            ],
            [
              85.0690967,
              20.8681625
            ]
          ]
        ]
      },
      "id": "way/193361392"
    },
    {
      "type": "Feature",
      "properties": {
        "@id": "way/193361393",
        "landuse": "quarry"
      },
      "geometry": {
        "type": "Polygon",
        "coordinates": [
          [
            [
              85.0821441,
              20.881769
            ],
            [
              85.0814356,
              20.8795546
            ],
            [
              85.0825106,
              20.8771347
            ],
            [
              85.0837568,
              20.8776141
            ],
            [
              85.0844165,
              20.8792807
            ],
            [
              85.0842699,
              20.8813809
            ],
            [
              85.0829993,
              20.8817005
            ],
            [
              85.0821441,
              20.881769
            ]
          ]
        ]
      },
      "id": "way/193361393"
    },
    {
      "type": "Feature",
      "properties": {
        "@id": "way/193361394",
        "landuse": "quarry"
      },
      "geometry": {
        "type": "Polygon",
        "coordinates": [
          [
            [
              85.0714911,
              20.8730939
            ],
            [
              85.0721997,
              20.8713131
            ],
            [
              85.0734702,
              20.8711761
            ],
            [
              85.075596,
              20.8714273
            ],
            [
              85.0758892,
              20.8729112
            ],
            [
              85.0762801,
              20.8752399
            ],
            [
              85.0751806,
              20.8756965
            ],
            [
              85.0724929,
              20.8750344
            ],
            [
              85.0714911,
              20.8730939
            ]
          ]
        ]
      },
      "id": "way/193361394"
    },
    {
      "type": "Feature",
      "properties": {
        "@id": "way/230335221",
        "construction:power": "plant",
        "landuse": "industrial",
        "name": "Angul Monnet Power Company Limited",
        "plant:method": "combustion",
        "plant:output:electricity": "1050 MW",
        "plant:source": "coal",
        "wikidata": "Q24949078",
        "wikipedia": "en:MPCL Thermal Power Station"
      },
      "geometry": {
        "type": "Polygon",
        "coordinates": [
          [
            [
              84.9918169,
              20.9188135
            ],
            [
              84.9919094,
              20.9178747
            ],
            [
              84.9924186,
              20.9177079
            ],
            [
              84.9940782,
              20.9174918
            ],
            [
              84.9956452,
              20.9173435
            ],
            [
              84.9970535,
              20.9174238
            ],
            [
              84.9997248,
              20.9179179
            ],
            [
              84.9999364,
              20.9179797
            ],
            [
              84.9999297,
              20.9183811
            ],
            [
              84.9997777,
              20.9195237
            ],
            [
              84.9995661,
              20.9198634
            ],
            [
              84.998614,
              20.9213704
            ],
            [
              84.997966,
              20.9225191
            ],
            [
              84.9980718,
              20.9232417
            ],
            [
              84.9978999,
              20.9234949
            ],
            [
              84.9973577,
              20.9236617
            ],
            [
              84.9970932,
              20.9244831
            ],
            [
              84.9979991,
              20.9258109
            ],
            [
              84.9986867,
              20.9267187
            ],
            [
              84.9993479,
              20.9270213
            ],
            [
              84.999533,
              20.9272869
            ],
            [
              84.9995066,
              20.9275895
            ],
            [
              84.9989842,
              20.9282565
            ],
            [
              84.9973643,
              20.9298066
            ],
            [
              84.9964783,
              20.9302574
            ],
            [
              84.9948848,
              20.9307391
            ],
            [
              84.9924648,
              20.9311467
            ],
            [
              84.9911358,
              20.9315852
            ],
            [
              84.9903093,
              20.9317766
            ],
            [
              84.9880811,
              20.9323448
            ],
            [
              84.9875059,
              20.9327586
            ],
            [
              84.9871687,
              20.9327647
            ],
            [
              84.9869505,
              20.9272622
            ],
            [
              84.9868579,
              20.9263235
            ],
            [
              84.9859322,
              20.9245942
            ],
            [
              84.9854628,
              20.9232046
            ],
            [
              84.9832808,
              20.92255
            ],
            [
              84.9814758,
              20.9218706
            ],
            [
              84.9804509,
              20.9216853
            ],
            [
              84.9799749,
              20.9213518
            ],
            [
              84.9795583,
              20.9207157
            ],
            [
              84.9793996,
              20.9201105
            ],
            [
              84.9819981,
              20.9195546
            ],
            [
              84.985595,
              20.9187085
            ],
            [
              84.9886299,
              20.9186776
            ],
            [
              84.9918169,
              20.9188135
            ]
          ]
        ]
      },
      "id": "way/230335221"
    },
    {
      "type": "Feature",
      "properties": {
        "@id": "way/231258311",
        "landuse": "industrial",
        "name": "Talcher Thermal Power Station",
        "operator": "NTPC",
        "operator:wikidata": "Q1967805",
        "plant:method": "combustion",
        "plant:output:electricity": "460 MW",
        "plant:source": "coal",
        "power": "plant",
        "wikidata": "Q7679081"
      },
      "geometry": {
        "type": "Polygon",
        "coordinates": [
          [
            [
              85.2095646,
              20.9081657
            ],
            [
              85.2115759,
              20.9126508
            ],
            [
              85.2121264,
              20.9127361
            ],
            [
              85.2121345,
              20.9128439
            ],
            [
              85.2123359,
              20.9130973
            ],
            [
              85.2117666,
              20.9137319
            ],
            [
              85.2113584,
              20.9141031
            ],
            [
              85.2113369,
              20.9143866
            ],
            [
              85.2104266,
              20.9157486
            ],
            [
              85.2096747,
              20.9171006
            ],
            [
              85.2091054,
              20.9180563
            ],
            [
              85.2077547,
              20.9167169
            ],
            [
              85.2072069,
              20.9162829
            ],
            [
              85.2072579,
              20.915711
            ],
            [
              85.2067558,
              20.9148331
            ],
            [
              85.2065947,
              20.914369
            ],
            [
              85.2055689,
              20.9132503
            ],
            [
              85.205354,
              20.9128013
            ],
            [
              85.2052359,
              20.9122971
            ],
            [
              85.2045995,
              20.9114718
            ],
            [
              85.2041967,
              20.9105813
            ],
            [
              85.2041,
              20.91019
            ],
            [
              85.2073465,
              20.909001
            ],
            [
              85.2095646,
              20.9081657
            ]
          ]
        ]
      },
      "id": "way/231258311"
    },
    {
      "type": "Feature",
      "properties": {
        "@id": "way/354070558",
        "alt_name": "Derang Thermal Power Station",
        "landuse": "industrial",
        "name": "Angul power station",
        "operator": "Jindal Power Limited",
        "plant:method": "combustion",
        "plant:output:electricity": "1200 MW",
        "plant:source": "coal",
        "power": "plant",
        "ref": "https://www.gem.wiki/Angul_power_station",
        "start_date": "2014",
        "wikidata": "Q17049314"
      },
      "geometry": {
        "type": "Polygon",
        "coordinates": [
          [
            [
              84.9926966,
              21.1253713
            ],
            [
              84.9934688,
              21.1254219
            ],
            [
              84.9935167,
              21.1255231
            ],
            [
              84.9941581,
              21.125538
            ],
            [
              84.9942123,
              21.1255856
            ],
            [
              84.9949494,
              21.1254368
            ],
            [
              84.9956578,
              21.1254308
            ],
            [
              84.9956547,
              21.1255082
            ],
            [
              84.9959004,
              21.1254844
            ],
            [
              84.9962673,
              21.1254249
            ],
            [
              84.9962833,
              21.1254546
            ],
            [
              84.9967524,
              21.1253713
            ],
            [
              84.9967939,
              21.1255737
            ],
            [
              84.9972948,
              21.1255439
            ],
            [
              84.9979139,
              21.1253981
            ],
            [
              84.9979713,
              21.1255648
            ],
            [
              84.9983766,
              21.1254963
            ],
            [
              84.9988489,
              21.1255142
            ],
            [
              84.9988776,
              21.1253683
            ],
            [
              84.9997839,
              21.1252552
            ],
            [
              84.9998892,
              21.1252612
            ],
            [
              85.000154,
              21.1254695
            ],
            [
              85.0003678,
              21.125541
            ],
            [
              85.000588,
              21.1256005
            ],
            [
              85.0005816,
              21.1255201
            ],
            [
              85.0011337,
              21.1255172
            ],
            [
              85.0011049,
              21.1258059
            ],
            [
              85.0015453,
              21.1259041
            ],
            [
              85.0021516,
              21.1259101
            ],
            [
              85.0029908,
              21.1275799
            ],
            [
              85.0038684,
              21.1295236
            ],
            [
              85.0042704,
              21.1305356
            ],
            [
              85.0039131,
              21.1306308
            ],
            [
              85.0038684,
              21.1308183
            ],
            [
              85.0030834,
              21.1310475
            ],
            [
              85.0027962,
              21.1310237
            ],
            [
              85.0026398,
              21.1311457
            ],
            [
              85.0028983,
              21.1316785
            ],
            [
              85.0028441,
              21.1318571
            ],
            [
              85.00271,
              21.1318928
            ],
            [
              85.00271,
              21.1320298
            ],
            [
              85.0028249,
              21.1320178
            ],
            [
              85.0027292,
              21.1329286
            ],
            [
              85.0018155,
              21.1331446
            ],
            [
              85.0018047,
              21.1331029
            ],
            [
              85.0013545,
              21.133206
            ],
            [
              85.0014391,
              21.1333976
            ],
            [
              85.0014053,
              21.1334239
            ],
            [
              85.0014572,
              21.1335449
            ],
            [
              85.0011424,
              21.1336333
            ],
            [
              85.0013395,
              21.1341362
            ],
            [
              85.0011672,
              21.1342017
            ],
            [
              85.0013092,
              21.1346125
            ],
            [
              85.0008944,
              21.1347494
            ],
            [
              85.0010683,
              21.1351527
            ],
            [
              85.0013666,
              21.1353253
            ],
            [
              85.0012597,
              21.1355843
            ],
            [
              85.001081,
              21.1358611
            ],
            [
              85.0007428,
              21.1362941
            ],
            [
              85.0003503,
              21.1364385
            ],
            [
              85.0000966,
              21.1364534
            ],
            [
              85.0000408,
              21.1364831
            ],
            [
              84.9997935,
              21.1365144
            ],
            [
              84.9996882,
              21.1365769
            ],
            [
              84.999602,
              21.1366677
            ],
            [
              84.9994744,
              21.1367063
            ],
            [
              84.9991728,
              21.1369325
            ],
            [
              84.9989606,
              21.1370352
            ],
            [
              84.9988441,
              21.1370962
            ],
            [
              84.9986144,
              21.1373314
            ],
            [
              84.9982394,
              21.1370605
            ],
            [
              84.998107,
              21.137001
            ],
            [
              84.9976969,
              21.1376766
            ],
            [
              84.9975262,
              21.1379772
            ],
            [
              84.9973938,
              21.1381008
            ],
            [
              84.9975709,
              21.1383165
            ],
            [
              84.9968338,
              21.1387436
            ],
            [
              84.9961445,
              21.1392347
            ],
            [
              84.9950706,
              21.1400882
            ],
            [
              84.9948134,
              21.1402755
            ],
            [
              84.9943734,
              21.1405638
            ],
            [
              84.9931075,
              21.1414645
            ],
            [
              84.9923561,
              21.1412815
            ],
            [
              84.9918733,
              21.1411447
            ],
            [
              84.991774,
              21.14105
            ],
            [
              84.9916724,
              21.1404817
            ],
            [
              84.9918552,
              21.1404228
            ],
            [
              84.9916521,
              21.1402818
            ],
            [
              84.991589,
              21.1401724
            ],
            [
              84.9914716,
              21.1397999
            ],
            [
              84.9911918,
              21.139381
            ],
            [
              84.9909572,
              21.1391138
            ],
            [
              84.9908398,
              21.1390906
            ],
            [
              84.9906999,
              21.139078
            ],
            [
              84.9904946,
              21.1389791
            ],
            [
              84.9903457,
              21.138817
            ],
            [
              84.9902802,
              21.1386865
            ],
            [
              84.9902379,
              21.138559
            ],
            [
              84.9899762,
              21.1383148
            ],
            [
              84.9893128,
              21.1377655
            ],
            [
              84.9888705,
              21.1375025
            ],
            [
              84.9886223,
              21.1374267
            ],
            [
              84.9882974,
              21.137372
            ],
            [
              84.9875302,
              21.1373699
            ],
            [
              84.9866187,
              21.1374267
            ],
            [
              84.9864968,
              21.1374625
            ],
            [
              84.9864607,
              21.1374962
            ],
            [
              84.9861741,
              21.1373783
            ],
            [
              84.9859147,
              21.1371489
            ],
            [
              84.9855739,
              21.136949
            ],
            [
              84.9853551,
              21.1368879
            ],
            [
              84.9853122,
              21.1368416
            ],
            [
              84.9851497,
              21.1367932
            ],
            [
              84.9847549,
              21.136627
            ],
            [
              84.984545,
              21.1365786
            ],
            [
              84.9842156,
              21.1366417
            ],
            [
              84.9842472,
              21.1364881
            ],
            [
              84.9844909,
              21.1364649
            ],
            [
              84.9844976,
              21.1363239
            ],
            [
              84.9848587,
              21.136326
            ],
            [
              84.9848609,
              21.1360966
            ],
            [
              84.9850527,
              21.1360903
            ],
            [
              84.985161,
              21.1359661
            ],
            [
              84.9851339,
              21.1352295
            ],
            [
              84.9850482,
              21.1352337
            ],
            [
              84.9850459,
              21.1347181
            ],
            [
              84.9852039,
              21.1345308
            ],
            [
              84.9851542,
              21.1343329
            ],
            [
              84.9850978,
              21.1342572
            ],
            [
              84.984818,
              21.1343098
            ],
            [
              84.9847549,
              21.1340593
            ],
            [
              84.984624,
              21.1340951
            ],
            [
              84.9845879,
              21.1339583
            ],
            [
              84.9837124,
              21.1339983
            ],
            [
              84.9833085,
              21.1339225
            ],
            [
              84.9826271,
              21.1338678
            ],
            [
              84.9825797,
              21.1334132
            ],
            [
              84.9821013,
              21.133369
            ],
            [
              84.9821013,
              21.1332975
            ],
            [
              84.9820178,
              21.1332806
            ],
            [
              84.9820178,
              21.1329902
            ],
            [
              84.9817042,
              21.1329144
            ],
            [
              84.9816365,
              21.1331291
            ],
            [
              84.9813026,
              21.1330807
            ],
            [
              84.9813725,
              21.1328113
            ],
            [
              84.9809822,
              21.1327439
            ],
            [
              84.9809844,
              21.1327124
            ],
            [
              84.9803233,
              21.1325777
            ],
            [
              84.980321,
              21.1320999
            ],
            [
              84.9788138,
              21.1318726
            ],
            [
              84.9788002,
              21.1317379
            ],
            [
              84.9784572,
              21.1317674
            ],
            [
              84.9784053,
              21.1315253
            ],
            [
              84.9778458,
              21.1316558
            ],
            [
              84.9770335,
              21.1308476
            ],
            [
              84.9766138,
              21.1296585
            ],
            [
              84.9771282,
              21.1292733
            ],
            [
              84.9771869,
              21.1294249
            ],
            [
              84.9775772,
              21.129408
            ],
            [
              84.977769,
              21.1293175
            ],
            [
              84.9778819,
              21.1291028
            ],
            [
              84.9778706,
              21.1289155
            ],
            [
              84.9779496,
              21.128724
            ],
            [
              84.9780398,
              21.1280231
            ],
            [
              84.978191,
              21.1280231
            ],
            [
              84.9781887,
              21.1278042
            ],
            [
              84.9779112,
              21.1278147
            ],
            [
              84.9778187,
              21.1270676
            ],
            [
              84.9778367,
              21.1267329
            ],
            [
              84.9779563,
              21.126131
            ],
            [
              84.9779811,
              21.1256784
            ],
            [
              84.9778977,
              21.1253648
            ],
            [
              84.978288,
              21.1253206
            ],
            [
              84.9782948,
              21.1255185
            ],
            [
              84.9785656,
              21.125489
            ],
            [
              84.9785069,
              21.1249586
            ],
            [
              84.9785114,
              21.1244808
            ],
            [
              84.9784527,
              21.1241399
            ],
            [
              84.978622,
              21.1241083
            ],
            [
              84.9786084,
              21.1239294
            ],
            [
              84.9792741,
              21.1238578
            ],
            [
              84.9792538,
              21.1236915
            ],
            [
              84.9794929,
              21.123681
            ],
            [
              84.9794365,
              21.1232032
            ],
            [
              84.9796667,
              21.1231674
            ],
            [
              84.9796509,
              21.1230138
            ],
            [
              84.9798991,
              21.1229338
            ],
            [
              84.979863,
              21.1225213
            ],
            [
              84.9801134,
              21.1225129
            ],
            [
              84.9800931,
              21.1223255
            ],
            [
              84.9802804,
              21.1222834
            ],
            [
              84.9802624,
              21.1221108
            ],
            [
              84.9805602,
              21.1220687
            ],
            [
              84.9805805,
              21.1222645
            ],
            [
              84.9814492,
              21.1222287
            ],
            [
              84.9814289,
              21.1221298
            ],
            [
              84.9818779,
              21.1218372
            ],
            [
              84.9822232,
              21.1218141
            ],
            [
              84.982248,
              21.1219467
            ],
            [
              84.9823811,
              21.1219361
            ],
            [
              84.9824398,
              21.1225949
            ],
            [
              84.9820517,
              21.1227254
            ],
            [
              84.9820585,
              21.1231232
            ],
            [
              84.9821239,
              21.1234411
            ],
            [
              84.9822187,
              21.12366
            ],
            [
              84.9831145,
              21.1234516
            ],
            [
              84.9830107,
              21.1222624
            ],
            [
              84.9829001,
              21.1221656
            ],
            [
              84.9828798,
              21.1220645
            ],
            [
              84.9835996,
              21.1220098
            ],
            [
              84.9836244,
              21.1218225
            ],
            [
              84.9840689,
              21.1218099
            ],
            [
              84.9840554,
              21.1216183
            ],
            [
              84.9842427,
              21.1216057
            ],
            [
              84.9842742,
              21.121833
            ],
            [
              84.9849782,
              21.1218372
            ],
            [
              84.9851858,
              21.1218035
            ],
            [
              84.9852219,
              21.1219425
            ],
            [
              84.9853032,
              21.1219172
            ],
            [
              84.985346,
              21.1220666
            ],
            [
              84.9860794,
              21.1218772
            ],
            [
              84.9860049,
              21.1217193
            ],
            [
              84.9858041,
              21.1215299
            ],
            [
              84.9863185,
              21.1212247
            ],
            [
              84.9867428,
              21.1212416
            ],
            [
              84.9871737,
              21.1212984
            ],
            [
              84.9872098,
              21.1210669
            ],
            [
              84.987898,
              21.1210521
            ],
            [
              84.9878755,
              21.1209385
            ],
            [
              84.9882455,
              21.1209427
            ],
            [
              84.9885005,
              21.1209364
            ],
            [
              84.9884351,
              21.1207638
            ],
            [
              84.9886404,
              21.1207469
            ],
            [
              84.9886697,
              21.1208522
            ],
            [
              84.9889083,
              21.1207816
            ],
            [
              84.9892812,
              21.120848
            ],
            [
              84.989306,
              21.1207659
            ],
            [
              84.9894279,
              21.1207532
            ],
            [
              84.9894188,
              21.1207132
            ],
            [
              84.9896016,
              21.1206754
            ],
            [
              84.9896332,
              21.1206185
            ],
            [
              84.9898115,
              21.1206648
            ],
            [
              84.9898182,
              21.1209574
            ],
            [
              84.989834,
              21.1210647
            ],
            [
              84.9899869,
              21.1213457
            ],
            [
              84.9901018,
              21.1213517
            ],
            [
              84.9900954,
              21.1217535
            ],
            [
              84.9901529,
              21.1217684
            ],
            [
              84.9901816,
              21.1219262
            ],
            [
              84.9902773,
              21.1219351
            ],
            [
              84.9902837,
              21.1220958
            ],
            [
              84.9906124,
              21.1220958
            ],
            [
              84.9906347,
              21.1221971
            ],
            [
              84.9904114,
              21.1223012
            ],
            [
              84.9904879,
              21.1225066
            ],
            [
              84.990622,
              21.1224828
            ],
            [
              84.9907145,
              21.1229055
            ],
            [
              84.9907911,
              21.1229174
            ],
            [
              84.9911612,
              21.1237717
            ],
            [
              84.9911549,
              21.1240872
            ],
            [
              84.9913272,
              21.1240902
            ],
            [
              84.9913878,
              21.1243849
            ],
            [
              84.9914931,
              21.1244593
            ],
            [
              84.9915665,
              21.1248314
            ],
            [
              84.991758,
              21.1248522
            ],
            [
              84.9917516,
              21.1253701
            ],
            [
              84.9923004,
              21.1253225
            ],
            [
              84.9923196,
              21.1254803
            ],
            [
              84.9926291,
              21.1254594
            ],
            [
              84.9926966,
              21.1253713
            ]
          ]
        ]
      },
      "id": "way/354070558"
    },
    {
      "type": "Feature",
      "properties": {
        "@id": "way/396925738",
        "landuse": "industrial",
        "name": "Meramandali Power Station",
        "operator": "Tata Steel BSL Limited (Bhushan Steel Limited)",
        "plant:method": "combustion",
        "plant:output:electricity": "yes",
        "plant:source": "coal",
        "power": "plant",
        "source": "https://www.gem.wiki/Meramandali_power_station#Background_on_Plant"
      },
      "geometry": {
        "type": "Polygon",
        "coordinates": [
          [
            [
              85.2517984,
              20.8071068
            ],
            [
              85.2515859,
              20.8062547
            ],
            [
              85.2513677,
              20.8047856
            ],
            [
              85.2511496,
              20.8029062
            ],
            [
              85.2560655,
              20.8042184
            ],
            [
              85.2543598,
              20.8103716
            ],
            [
              85.2526484,
              20.8102069
            ],
            [
              85.2517984,
              20.8071068
            ]
          ]
        ]
      },
      "id": "way/396925738"
    },
    {
      "type": "Feature",
      "properties": {
        "@id": "way/396925739",
        "landuse": "industrial",
        "name": "Kamalanga Thermal Power Plant",
        "operator": "GMR Energy",
        "plant:method": "combustion",
        "plant:output:electricity": "1050 MW",
        "plant:source": "coal",
        "power": "plant",
        "wikidata": "Q11979976",
        "wikipedia": "en:Kamalanga Thermal Power Plant"
      },
      "geometry": {
        "type": "Polygon",
        "coordinates": [
          [
            [
              85.2570376,
              20.8741013
            ],
            [
              85.2570812,
              20.8732388
            ],
            [
              85.257058,
              20.8723918
            ],
            [
              85.2571507,
              20.8720211
            ],
            [
              85.2570986,
              20.8708088
            ],
            [
              85.2569682,
              20.8699645
            ],
            [
              85.2570522,
              20.8695829
            ],
            [
              85.2566555,
              20.8682353
            ],
            [
              85.2564904,
              20.8667902
            ],
            [
              85.2564846,
              20.8651747
            ],
            [
              85.2563861,
              20.8647633
            ],
            [
              85.256751,
              20.86472
            ],
            [
              85.2570146,
              20.8645333
            ],
            [
              85.2575272,
              20.8644711
            ],
            [
              85.2581325,
              20.8641707
            ],
            [
              85.257756,
              20.8638811
            ],
            [
              85.2560907,
              20.8628338
            ],
            [
              85.2560589,
              20.8620111
            ],
            [
              85.2564412,
              20.8612724
            ],
            [
              85.2562616,
              20.8593753
            ],
            [
              85.2586451,
              20.8576893
            ],
            [
              85.2599888,
              20.8566203
            ],
            [
              85.2615498,
              20.8553862
            ],
            [
              85.2632527,
              20.855711
            ],
            [
              85.2649324,
              20.855941
            ],
            [
              85.2656535,
              20.855849
            ],
            [
              85.2656825,
              20.8552157
            ],
            [
              85.2659953,
              20.8551481
            ],
            [
              85.2658736,
              20.854347
            ],
            [
              85.2670871,
              20.8543524
            ],
            [
              85.2672029,
              20.8548801
            ],
            [
              85.2673333,
              20.8551697
            ],
            [
              85.2679791,
              20.8558057
            ],
            [
              85.269291,
              20.8558679
            ],
            [
              85.2699165,
              20.8568233
            ],
            [
              85.2707419,
              20.8580438
            ],
            [
              85.2715268,
              20.8592941
            ],
            [
              85.2741692,
              20.8633338
            ],
            [
              85.2745892,
              20.864013
            ],
            [
              85.2744516,
              20.8651956
            ],
            [
              85.274495,
              20.8652173
            ],
            [
              85.2743126,
              20.8660832
            ],
            [
              85.2742054,
              20.8665324
            ],
            [
              85.2742547,
              20.8674011
            ],
            [
              85.273687,
              20.8691925
            ],
            [
              85.2733772,
              20.8695308
            ],
            [
              85.2731976,
              20.8698258
            ],
            [
              85.272992,
              20.8704481
            ],
            [
              85.2729717,
              20.8707783
            ],
            [
              85.2731078,
              20.8718553
            ],
            [
              85.2730065,
              20.8719879
            ],
            [
              85.2725576,
              20.8721124
            ],
            [
              85.2713962,
              20.8722449
            ],
            [
              85.2706201,
              20.8725643
            ],
            [
              85.2705709,
              20.8733111
            ],
            [
              85.2700988,
              20.8741364
            ],
            [
              85.2696702,
              20.8751539
            ],
            [
              85.2695862,
              20.8757194
            ],
            [
              85.2694066,
              20.8757411
            ],
            [
              85.268923,
              20.8757573
            ],
            [
              85.2683814,
              20.8757194
            ],
            [
              85.2679528,
              20.8756437
            ],
            [
              85.2671941,
              20.8755896
            ],
            [
              85.2667712,
              20.8755138
            ],
            [
              85.2665523,
              20.8754975
            ],
            [
              85.2645123,
              20.875346
            ],
            [
              85.2644312,
              20.8752865
            ],
            [
              85.2629455,
              20.875281
            ],
            [
              85.2625235,
              20.8752517
            ],
            [
              85.2620962,
              20.8753366
            ],
            [
              85.2616217,
              20.8754812
            ],
            [
              85.2607626,
              20.8755188
            ],
            [
              85.2599328,
              20.8758313
            ],
            [
              85.2587115,
              20.8761253
            ],
            [
              85.2584537,
              20.8760252
            ],
            [
              85.2579469,
              20.8753947
            ],
            [
              85.2575791,
              20.8748156
            ],
            [
              85.2573648,
              20.8744422
            ],
            [
              85.2570376,
              20.8741013
            ]
          ]
        ]
      },
      "id": "way/396925739"
    },
    {
      "type": "Feature",
      "properties": {
        "@id": "way/660307102",
        "landuse": "industrial"
      },
      "geometry": {
        "type": "Polygon",
        "coordinates": [
          [
            [
              84.9822409,
              20.8995502
            ],
            [
              84.9761045,
              20.8994754
            ],
            [
              84.9761689,
              20.8967492
            ],
            [
              84.9763191,
              20.8965888
            ],
            [
              84.976244,
              20.8960977
            ],
            [
              84.976995,
              20.8958972
            ],
            [
              84.9769682,
              20.8953409
            ],
            [
              84.9776226,
              20.8948398
            ],
            [
              84.9785668,
              20.8944539
            ],
            [
              84.9787974,
              20.8948448
            ],
            [
              84.9804282,
              20.8941331
            ],
            [
              84.9807286,
              20.8943436
            ],
            [
              84.9810183,
              20.8942784
            ],
            [
              84.9817591,
              20.8935004
            ],
            [
              84.9817672,
              20.8937492
            ],
            [
              84.982275,
              20.8937591
            ],
            [
              84.9822409,
              20.8995502
            ]
          ]
        ]
      },
      "id": "way/660307102"
    },
    {
      "type": "Feature",
      "properties": {
        "@id": "way/660307106",
        "landuse": "industrial",
        "name": "Angul Steel Plant"
      },
      "geometry": {
        "type": "Polygon",
        "coordinates": [
          [
            [
              84.989604,
              20.8629254
            ],
            [
              84.9897516,
              20.8619899
            ],
            [
              84.9915647,
              20.8621303
            ],
            [
              84.994483,
              20.8615287
            ],
            [
              84.9953949,
              20.8623007
            ],
            [
              84.9969077,
              20.8622907
            ],
            [
              84.9985278,
              20.8627318
            ],
            [
              84.9995685,
              20.8630727
            ],
            [
              85.0000727,
              20.8638947
            ],
            [
              85.0007915,
              20.8689474
            ],
            [
              85.0020897,
              20.8743307
            ],
            [
              85.0019395,
              20.8753232
            ],
            [
              85.0003517,
              20.8778093
            ],
            [
              84.999091,
              20.8800447
            ],
            [
              84.9984097,
              20.8802702
            ],
            [
              84.9973637,
              20.8802401
            ],
            [
              84.9971223,
              20.8882794
            ],
            [
              84.9961127,
              20.8882854
            ],
            [
              84.9820446,
              20.8880757
            ],
            [
              84.9817586,
              20.8889159
            ],
            [
              84.9780357,
              20.8889359
            ],
            [
              84.9763298,
              20.8892016
            ],
            [
              84.975273,
              20.8891364
            ],
            [
              84.9741465,
              20.8880639
            ],
            [
              84.972387,
              20.8861543
            ],
            [
              84.9798703,
              20.8824655
            ],
            [
              84.9806213,
              20.881012
            ],
            [
              84.9813348,
              20.8796487
            ],
            [
              84.9816325,
              20.8779997
            ],
            [
              84.983333,
              20.8780749
            ],
            [
              84.9869943,
              20.8780298
            ],
            [
              84.9888825,
              20.877694
            ],
            [
              84.9897569,
              20.8769872
            ],
            [
              84.9905992,
              20.8754385
            ],
            [
              84.9917471,
              20.8737343
            ],
            [
              84.9921977,
              20.8728621
            ],
            [
              84.9911624,
              20.872416
            ],
            [
              84.9897999,
              20.871203
            ],
            [
              84.9889469,
              20.8701955
            ],
            [
              84.9874288,
              20.8690025
            ],
            [
              84.9863237,
              20.8645514
            ],
            [
              84.9856424,
              20.862817
            ],
            [
              84.9861413,
              20.8628721
            ],
            [
              84.988035,
              20.863223
            ],
            [
              84.9879759,
              20.8640251
            ],
            [
              84.9893707,
              20.8637945
            ],
            [
              84.9891937,
              20.8630325
            ],
            [
              84.989604,
              20.8629254
            ]
          ]
        ]
      },
      "id": "way/660307106"
    },
    {
      "type": "Feature",
      "properties": {
        "@id": "way/835422583",
        "landuse": "industrial"
      },
      "geometry": {
        "type": "Polygon",
        "coordinates": [
          [
            [
              85.2725422,
              20.9835696
            ],
            [
              85.2737117,
              20.9829485
            ],
            [
              85.2740765,
              20.9823775
            ],
            [
              85.2748489,
              20.981546
            ],
            [
              85.2756965,
              20.9813257
            ],
            [
              85.275675,
              20.982077
            ],
            [
              85.2765655,
              20.9834794
            ],
            [
              85.2777672,
              20.98381
            ],
            [
              85.2788186,
              20.9855229
            ],
            [
              85.2774346,
              20.985543
            ],
            [
              85.2758038,
              20.9858234
            ],
            [
              85.2736151,
              20.986725
            ],
            [
              85.273143,
              20.9859837
            ],
            [
              85.2737546,
              20.9856031
            ],
            [
              85.2725422,
              20.9835696
            ]
          ]
        ]
      },
      "id": "way/835422583"
    },
    {
      "type": "Feature",
      "properties": {
        "@id": "way/910915087",
        "building": "industrial",
        "industrial": "cooling"
      },
      "geometry": {
        "type": "Polygon",
        "coordinates": [
          [
            [
              85.1873656,
              20.8594205
            ],
            [
              85.187945,
              20.8588583
            ],
            [
              85.1881367,
              20.8590308
            ],
            [
              85.1875575,
              20.8595931
            ],
            [
              85.1873656,
              20.8594205
            ]
          ]
        ]
      },
      "id": "way/910915087"
    },
    {
      "type": "Feature",
      "properties": {
        "@id": "way/910915088",
        "building": "industrial",
        "industrial": "cooling"
      },
      "geometry": {
        "type": "Polygon",
        "coordinates": [
          [
            [
              85.1880769,
              20.8587255
            ],
            [
              85.1886563,
              20.8581633
            ],
            [
              85.1888481,
              20.8583359
            ],
            [
              85.1882688,
              20.8588982
            ],
            [
              85.1880769,
              20.8587255
            ]
          ]
        ]
      },
      "id": "way/910915088"
    },
    {
      "type": "Feature",
      "properties": {
        "@id": "way/910915089",
        "building": "industrial",
        "industrial": "cooling"
      },
      "geometry": {
        "type": "Polygon",
        "coordinates": [
          [
            [
              85.1888393,
              20.8594188
            ],
            [
              85.1894187,
              20.8588565
            ],
            [
              85.1896105,
              20.8590291
            ],
            [
              85.1890312,
              20.8595914
            ],
            [
              85.1888393,
              20.8594188
            ]
          ]
        ]
      },
      "id": "way/910915089"
    },
    {
      "type": "Feature",
      "properties": {
        "@id": "way/910915090",
        "building": "industrial",
        "industrial": "cooling"
      },
      "geometry": {
        "type": "Polygon",
        "coordinates": [
          [
            [
              85.1896088,
              20.8587168
            ],
            [
              85.1901881,
              20.8581546
            ],
            [
              85.1903799,
              20.8583272
            ],
            [
              85.1898007,
              20.8588895
            ],
            [
              85.1896088,
              20.8587168
            ]
          ]
        ]
      },
      "id": "way/910915090"
    },
    {
      "type": "Feature",
      "properties": {
        "@id": "way/910915091",
        "building": "industrial",
        "industrial": "cooling"
      },
      "geometry": {
        "type": "Polygon",
        "coordinates": [
          [
            [
              85.1869533,
              20.8481993
            ],
            [
              85.1877235,
              20.8478973
            ],
            [
              85.1878266,
              20.8481267
            ],
            [
              85.1870564,
              20.8484288
            ],
            [
              85.1869533,
              20.8481993
            ]
          ]
        ]
      },
      "id": "way/910915091"
    },
    {
      "type": "Feature",
      "properties": {
        "@id": "way/910915092",
        "building": "industrial",
        "industrial": "cooling"
      },
      "geometry": {
        "type": "Polygon",
        "coordinates": [
          [
            [
              85.1896519,
              20.8482637
            ],
            [
              85.1904221,
              20.8479617
            ],
            [
              85.1905251,
              20.848191
            ],
            [
              85.189755,
              20.8484932
            ],
            [
              85.1896519,
              20.8482637
            ]
          ]
        ]
      },
      "id": "way/910915092"
    },
    {
      "type": "Feature",
      "properties": {
        "@id": "way/910915093",
        "building": "industrial",
        "industrial": "cooling"
      },
      "geometry": {
        "type": "Polygon",
        "coordinates": [
          [
            [
              85.1874752,
              20.8471417
            ],
            [
              85.1882453,
              20.8468397
            ],
            [
              85.1883484,
              20.8470691
            ],
            [
              85.1875783,
              20.8473713
            ],
            [
              85.1874752,
              20.8471417
            ]
          ]
        ]
      },
      "id": "way/910915093"
    },
    {
      "type": "Feature",
      "properties": {
        "@id": "way/910915094",
        "building": "industrial",
        "industrial": "cooling"
      },
      "geometry": {
        "type": "Polygon",
        "coordinates": [
          [
            [
              85.1899936,
              20.8471439
            ],
            [
              85.1907638,
              20.8468419
            ],
            [
              85.1908668,
              20.8470713
            ],
            [
              85.1900967,
              20.8473735
            ],
            [
              85.1899936,
              20.8471439
            ]
          ]
        ]
      },
      "id": "way/910915094"
    },
    {
      "type": "Feature",
      "properties": {
        "@id": "way/910915095",
        "building": "industrial",
        "industrial": "cooling"
      },
      "geometry": {
        "type": "Polygon",
        "coordinates": [
          [
            [
              85.1889102,
              20.8465874
            ],
            [
              85.1896804,
              20.8462854
            ],
            [
              85.1897834,
              20.8465148
            ],
            [
              85.1890133,
              20.846817
            ],
            [
              85.1889102,
              20.8465874
            ]
          ]
        ]
      },
      "id": "way/910915095"
    },
    {
      "type": "Feature",
      "properties": {
        "@id": "way/910915096",
        "building": "industrial",
        "industrial": "cooling"
      },
      "geometry": {
        "type": "Polygon",
        "coordinates": [
          [
            [
              85.1879024,
              20.8461314
            ],
            [
              85.1886726,
              20.8458294
            ],
            [
              85.1887756,
              20.8460588
            ],
            [
              85.1880055,
              20.846361
            ],
            [
              85.1879024,
              20.8461314
            ]
          ]
        ]
      },
      "id": "way/910915096"
    },
    {
      "type": "Feature",
      "properties": {
        "@id": "way/910919238",
        "building": "industrial",
        "industrial": "cooling"
      },
      "geometry": {
        "type": "Polygon",
        "coordinates": [
          [
            [
              84.9875814,
              21.1263646
            ],
            [
              84.9875907,
              21.1260912
            ],
            [
              84.9895002,
              21.1261477
            ],
            [
              84.9894909,
              21.1264209
            ],
            [
              84.9875814,
              21.1263646
            ]
          ]
        ]
      },
      "id": "way/910919238"
    },
    {
      "type": "Feature",
      "properties": {
        "@id": "way/910919239",
        "building": "industrial",
        "industrial": "cooling"
      },
      "geometry": {
        "type": "Polygon",
        "coordinates": [
          [
            [
              84.9876496,
              21.1244089
            ],
            [
              84.9876589,
              21.1241354
            ],
            [
              84.9895684,
              21.124192
            ],
            [
              84.9895591,
              21.1244651
            ],
            [
              84.9876496,
              21.1244089
            ]
          ]
        ]
      },
      "id": "way/910919239"
    },
    {
      "type": "Feature",
      "properties": {
        "@id": "way/913621159",
        "building": "industrial",
        "industrial": "cooling"
      },
      "geometry": {
        "type": "Polygon",
        "coordinates": [
          [
            [
              84.9837404,
              20.8891792
            ],
            [
              84.9837498,
              20.8889535
            ],
            [
              84.9843285,
              20.8889745
            ],
            [
              84.9843191,
              20.8892002
            ],
            [
              84.9837404,
              20.8891792
            ]
          ]
        ]
      },
      "id": "way/913621159"
    },
    {
      "type": "Feature",
      "properties": {
        "@id": "way/913621160",
        "building": "industrial",
        "industrial": "cooling"
      },
      "geometry": {
        "type": "Polygon",
        "coordinates": [
          [
            [
              84.9831989,
              20.8968316
            ],
            [
              84.9832034,
              20.8967033
            ],
            [
              84.9834375,
              20.8967104
            ],
            [
              84.983433,
              20.8968387
            ],
            [
              84.9831989,
              20.8968316
            ]
          ]
        ]
      },
      "id": "way/913621160"
    },
    {
      "type": "Feature",
      "properties": {
        "@id": "way/928075487",
        "landuse": "industrial"
      },
      "geometry": {
        "type": "Polygon",
        "coordinates": [
          [
            [
              85.2083945,
              20.9590451
            ],
            [
              85.2124393,
              20.9578779
            ],
            [
              85.2130386,
              20.9596889
            ],
            [
              85.2089938,
              20.9608561
            ],
            [
              85.2083945,
              20.9590451
            ]
          ]
        ]
      },
      "id": "way/928075487"
    },
    {
      "type": "Feature",
      "properties": {
        "@id": "way/928075503",
        "landuse": "industrial"
      },
      "geometry": {
        "type": "Polygon",
        "coordinates": [
          [
            [
              85.1033807,
              20.9145442
            ],
            [
              85.1082945,
              20.9108661
            ],
            [
              85.1085305,
              20.9109864
            ],
            [
              85.1069856,
              20.9139529
            ],
            [
              85.104593,
              20.9158972
            ],
            [
              85.1036167,
              20.9161477
            ],
            [
              85.1033807,
              20.9145442
            ]
          ]
        ]
      },
      "id": "way/928075503"
    },
    {
      "type": "Feature",
      "properties": {
        "@id": "way/928075504",
        "landuse": "quarry"
      },
      "geometry": {
        "type": "Polygon",
        "coordinates": [
          [
            [
              85.1297337,
              20.9269894
            ],
            [
              85.1438144,
              20.926729
            ],
            [
              85.1452736,
              20.9250027
            ],
            [
              85.1573076,
              20.9311066
            ],
            [
              85.159573,
              20.9358146
            ],
            [
              85.1535701,
              20.9399177
            ],
            [
              85.1484418,
              20.9397774
            ],
            [
              85.1436782,
              20.9417413
            ],
            [
              85.1394725,
              20.9426632
            ],
            [
              85.1329279,
              20.939597
            ],
            [
              85.1320052,
              20.9362502
            ],
            [
              85.1304173,
              20.9329835
            ],
            [
              85.1286363,
              20.9306587
            ],
            [
              85.1297337,
              20.9269894
            ]
          ]
        ]
      },
      "id": "way/928075504"
    },
    {
      "type": "Feature",
      "properties": {
        "@id": "way/928075505",
        "landuse": "quarry",
        "name": "Balaram Coal Mine",
        "operator": "Mahanadi Coalfields Limited (MCL)",
        "source": "https://www.gem.wiki/Balaram_coal_mine"
      },
      "geometry": {
        "type": "Polygon",
        "coordinates": [
          [
            [
              85.0935234,
              20.9566184
            ],
            [
              85.094107,
              20.9627046
            ],
            [
              85.0893405,
              20.9635221
            ],
            [
              85.0901627,
              20.9689736
            ],
            [
              85.0776744,
              20.9690137
            ],
            [
              85.0759792,
              20.9659881
            ],
            [
              85.0773846,
              20.9642649
            ],
            [
              85.0778889,
              20.962682
            ],
            [
              85.0814509,
              20.961099
            ],
            [
              85.0826955,
              20.9595561
            ],
            [
              85.0817084,
              20.9585943
            ],
            [
              85.0789618,
              20.9588147
            ],
            [
              85.0740684,
              20.9591619
            ],
            [
              85.0706563,
              20.9589482
            ],
            [
              85.0680166,
              20.9582936
            ],
            [
              85.0624609,
              20.9580332
            ],
            [
              85.0612163,
              20.9545065
            ],
            [
              85.0605082,
              20.9488154
            ],
            [
              85.0663018,
              20.9462103
            ],
            [
              85.0692415,
              20.9473325
            ],
            [
              85.0764942,
              20.9482944
            ],
            [
              85.0895404,
              20.9508594
            ],
            [
              85.0935638,
              20.9526428
            ],
            [
              85.0940251,
              20.9539955
            ],
            [
              85.0935234,
              20.9566184
            ]
          ]
        ]
      },
      "id": "way/928075505"
    },
    {
      "type": "Feature",
      "properties": {
        "@id": "way/928075506",
        "description": "Bharatpur coal mine somewhere inside",
        "landuse": "quarry",
        "name": "Ananta coal mine",
        "operator": "Mahanadi Coalfields Limited (MCL)",
        "resource": "coal",
        "source": "https://www.gem.wiki/Ananta_coal_mine"
      },
      "geometry": {
        "type": "Polygon",
        "coordinates": [
          [
            [
              85.1621961,
              20.9791519
            ],
            [
              85.1642561,
              20.9823975
            ],
            [
              85.1605653,
              20.986164
            ],
            [
              85.1530551,
              20.9847216
            ],
            [
              85.1401805,
              20.9823174
            ],
            [
              85.1374233,
              20.982097
            ],
            [
              85.1317263,
              20.9851322
            ],
            [
              85.129162,
              20.9831288
            ],
            [
              85.1293659,
              20.9759662
            ],
            [
              85.1273489,
              20.9721394
            ],
            [
              85.1213407,
              20.968613
            ],
            [
              85.1162338,
              20.9718188
            ],
            [
              85.114603,
              20.9686931
            ],
            [
              85.108037,
              20.9698352
            ],
            [
              85.1053762,
              20.9684526
            ],
            [
              85.1058054,
              20.9602775
            ],
            [
              85.1052904,
              20.9531839
            ],
            [
              85.1070714,
              20.9531238
            ],
            [
              85.1139164,
              20.9519215
            ],
            [
              85.1221132,
              20.9488354
            ],
            [
              85.1248812,
              20.948635
            ],
            [
              85.127306,
              20.9498374
            ],
            [
              85.1318979,
              20.95116
            ],
            [
              85.1316404,
              20.9566906
            ],
            [
              85.1321339,
              20.9577927
            ],
            [
              85.133636,
              20.958454
            ],
            [
              85.1464247,
              20.9543662
            ],
            [
              85.147562,
              20.9551276
            ],
            [
              85.1530073,
              20.9541454
            ],
            [
              85.1576073,
              20.9533157
            ],
            [
              85.159707,
              20.9586344
            ],
            [
              85.1555013,
              20.9654471
            ],
            [
              85.1630115,
              20.9660482
            ],
            [
              85.1648998,
              20.9728607
            ],
            [
              85.1638698,
              20.9751848
            ],
            [
              85.1640844,
              20.9783905
            ],
            [
              85.1621961,
              20.9791519
            ]
          ]
        ]
      },
      "id": "way/928075506"
    },
    {
      "type": "Feature",
      "properties": {
        "@id": "way/942438107",
        "landuse": "quarry",
        "name": "Kaniha Coal Mine",
        "operator": "Mahanadi Coalfields Limited (MCL)",
        "resource": "coal",
        "source": "https://www.gem.wiki/Talcher_coal_mines"
      },
      "geometry": {
        "type": "Polygon",
        "coordinates": [
          [
            [
              85.0326133,
              21.0696637
            ],
            [
              85.0371623,
              21.0688027
            ],
            [
              85.0384283,
              21.0702644
            ],
            [
              85.0423121,
              21.0710653
            ],
            [
              85.0439858,
              21.0723468
            ],
            [
              85.0447368,
              21.0763713
            ],
            [
              85.0533843,
              21.0739686
            ],
            [
              85.0551653,
              21.0776527
            ],
            [
              85.0470114,
              21.0821776
            ],
            [
              85.0416899,
              21.0837994
            ],
            [
              85.0369048,
              21.0838394
            ],
            [
              85.0340509,
              21.0836792
            ],
            [
              85.0321626,
              21.079735
            ],
            [
              85.0313687,
              21.0744892
            ],
            [
              85.0320339,
              21.0738485
            ],
            [
              85.0326133,
              21.0696637
            ]
          ]
        ]
      },
      "id": "way/942438107"
    },
    {
      "type": "Feature",
      "properties": {
        "@id": "way/982263322",
        "landuse": "quarry",
        "resource": "coal"
      },
      "geometry": {
        "type": "Polygon",
        "coordinates": [
          [
            [
              85.0150394,
              20.9554282
            ],
            [
              85.0133657,
              20.9557889
            ],
            [
              85.0087308,
              20.9545465
            ],
            [
              85.0088763,
              20.9512392
            ],
            [
              85.0143957,
              20.950659
            ],
            [
              85.0150394,
              20.9554282
            ]
          ]
        ]
      },
      "id": "way/982263322"
    },
    {
      "type": "Feature",
      "properties": {
        "@id": "way/982263323",
        "landuse": "quarry",
        "name": "Hingula-II Coal Mine",
        "operator": "Mahanadi Coalfields Limited (MCL)",
        "resource": "coal",
        "source": "https://www.gem.wiki/Hingula_II_coal_mine"
      },
      "geometry": {
        "type": "Polygon",
        "coordinates": [
          [
            [
              85.0239444,
              20.9619806
            ],
            [
              85.023601,
              20.9599368
            ],
            [
              85.0253391,
              20.9587946
            ],
            [
              85.0283217,
              20.9592956
            ],
            [
              85.0295448,
              20.957953
            ],
            [
              85.0321412,
              20.9571114
            ],
            [
              85.0338149,
              20.9575723
            ],
            [
              85.0349092,
              20.959496
            ],
            [
              85.0336861,
              20.9613795
            ],
            [
              85.0303387,
              20.9624215
            ],
            [
              85.0239444,
              20.9619806
            ]
          ]
        ]
      },
      "id": "way/982263323"
    },
    {
      "type": "Feature",
      "properties": {
        "@id": "way/982272879",
        "landuse": "quarry",
        "name": "Lingaraj Coal Mine",
        "operator": "Mahanadi Coalfields Limited (MCL)",
        "resource": "coal",
        "source": "https://www.gem.wiki/Lingaraj_coal_mine"
      },
      "geometry": {
        "type": "Polygon",
        "coordinates": [
          [
            [
              85.167818,
              20.9660482
            ],
            [
              85.1614666,
              20.9615198
            ],
            [
              85.1663589,
              20.9584741
            ],
            [
              85.1807355,
              20.9567508
            ],
            [
              85.1918935,
              20.9572718
            ],
            [
              85.1971721,
              20.9581134
            ],
            [
              85.1993179,
              20.9632831
            ],
            [
              85.1959705,
              20.9652868
            ],
            [
              85.1899194,
              20.9670501
            ],
            [
              85.1862716,
              20.9646056
            ],
            [
              85.1789331,
              20.9665692
            ],
            [
              85.167818,
              20.9660482
            ]
          ]
        ]
      },
      "id": "way/982272879"
    },
    {
      "type": "Feature",
      "properties": {
        "@id": "way/986314149",
        "description": "underground mine",
        "industrial": "mine",
        "landuse": "industrial",
        "name": "Nandira",
        "operator": "MCL",
        "resource": "coal"
      },
      "geometry": {
        "type": "Polygon",
        "coordinates": [
          [
            [
              85.123288,
              20.9283087
            ],
            [
              85.1230184,
              20.9280544
            ],
            [
              85.1227516,
              20.9278027
            ],
            [
              85.1228535,
              20.9274369
            ],
            [
              85.1238942,
              20.9264448
            ],
            [
              85.1245433,
              20.9259037
            ],
            [
              85.1257342,
              20.927026
            ],
            [
              85.1262277,
              20.9275421
            ],
            [
              85.1242483,
              20.9290052
            ],
            [
              85.123288,
              20.9283087
            ]
          ]
        ]
      },
      "id": "way/986314149"
    },
    {
      "type": "Feature",
      "properties": {
        "@id": "way/988893557",
        "landuse": "quarry",
        "name": "Bhubhaneshwari coal mine",
        "operator": "Mahanadi Coalfields Limited (MCL)",
        "resource": "coal"
      },
      "geometry": {
        "type": "Polygon",
        "coordinates": [
          [
            [
              85.1651788,
              20.9787511
            ],
            [
              85.1650714,
              20.9782302
            ],
            [
              85.1652002,
              20.9757859
            ],
            [
              85.1665735,
              20.9743033
            ],
            [
              85.1649427,
              20.9710975
            ],
            [
              85.1633119,
              20.9658078
            ],
            [
              85.1668739,
              20.9671903
            ],
            [
              85.1727319,
              20.9674308
            ],
            [
              85.1755214,
              20.9689536
            ],
            [
              85.1786542,
              20.9678716
            ],
            [
              85.1789117,
              20.9689135
            ],
            [
              85.178225,
              20.9701357
            ],
            [
              85.1765299,
              20.9730009
            ],
            [
              85.1746416,
              20.9759862
            ],
            [
              85.1717448,
              20.9789114
            ],
            [
              85.1651788,
              20.9787511
            ]
          ]
        ]
      },
      "id": "way/988893557"
    },
    {
      "type": "Feature",
      "properties": {
        "@id": "way/989333273",
        "description": "105040",
        "landuse": "industrial",
        "name": "Solar plant NTPC kaniha",
        "plant:method": "photovoltaic",
        "plant:output:electricity": "10 MW",
        "plant:source": "solar",
        "plant:type": "solar_photovoltaic_panel",
        "power": "plant"
      },
      "geometry": {
        "type": "Polygon",
        "coordinates": [
          [
            [
              85.094339,
              21.0867099
            ],
            [
              85.0941257,
              21.0859091
            ],
            [
              85.0942169,
              21.0858165
            ],
            [
              85.0943188,
              21.0857864
            ],
            [
              85.0957887,
              21.0856713
            ],
            [
              85.0958262,
              21.085341
            ],
            [
              85.0977574,
              21.0852309
            ],
            [
              85.099584,
              21.0852083
            ],
            [
              85.099588,
              21.0859141
            ],
            [
              85.0996993,
              21.0859691
            ],
            [
              85.099863,
              21.0894002
            ],
            [
              85.0988102,
              21.0896579
            ],
            [
              85.0975496,
              21.0895754
            ],
            [
              85.0975549,
              21.0890098
            ],
            [
              85.0984213,
              21.0871203
            ],
            [
              85.0982966,
              21.0869739
            ],
            [
              85.0967865,
              21.0863908
            ],
            [
              85.094339,
              21.0867099
            ]
          ]
        ]
      },
      "id": "way/989333273"
    },
    {
      "type": "Feature",
      "properties": {
        "@id": "way/1007115341",
        "description": "23970",
        "landuse": "industrial",
        "plant:method": "photovoltaic",
        "plant:output:electricity": "yes",
        "plant:source": "solar",
        "plant:type": "solar_photovoltaic_panel",
        "power": "plant"
      },
      "geometry": {
        "type": "Polygon",
        "coordinates": [
          [
            [
              85.0659505,
              21.0898106
            ],
            [
              85.0665674,
              21.089708
            ],
            [
              85.0673237,
              21.0896629
            ],
            [
              85.0676778,
              21.0914698
            ],
            [
              85.0673988,
              21.0919177
            ],
            [
              85.0671977,
              21.0920078
            ],
            [
              85.066511,
              21.0920904
            ],
            [
              85.0662535,
              21.092183
            ],
            [
              85.066165,
              21.0916049
            ],
            [
              85.0663823,
              21.0915849
            ],
            [
              85.0663957,
              21.0912495
            ],
            [
              85.0662884,
              21.0912445
            ],
            [
              85.0661328,
              21.0906439
            ],
            [
              85.0662804,
              21.0906164
            ],
            [
              85.0659505,
              21.0898106
            ]
          ]
        ]
      },
      "id": "way/1007115341"
    },
    {
      "type": "Feature",
      "properties": {
        "@id": "way/1012595669",
        "landuse": "industrial",
        "name": "Angul Steel Power Plant",
        "plant:method": "combustion",
        "plant:output:electricity": "yes",
        "plant:source": "coal",
        "power": "plant",
        "source": "https://www.gem.wiki/Angul_Steel_power_station"
      },
      "geometry": {
        "type": "Polygon",
        "coordinates": [
          [
            [
              84.9888509,
              20.8949458
            ],
            [
              84.9889844,
              20.8900354
            ],
            [
              84.9889861,
              20.8883913
            ],
            [
              84.9904062,
              20.8884545
            ],
            [
              84.995816,
              20.8886598
            ],
            [
              84.9956807,
              20.8958303
            ],
            [
              84.9888847,
              20.8959408
            ],
            [
              84.9888509,
              20.8949458
            ]
          ]
        ]
      },
      "id": "way/1012595669"
    },
    {
      "type": "Feature",
      "properties": {
        "@id": "way/1021846869",
        "industrial": "mine",
        "landuse": "industrial"
      },
      "geometry": {
        "type": "Polygon",
        "coordinates": [
          [
            [
              85.1429915,
              20.9428836
            ],
            [
              85.1486349,
              20.9408395
            ],
            [
              85.1528406,
              20.9404187
            ],
            [
              85.1587629,
              20.936631
            ],
            [
              85.1595783,
              20.9377733
            ],
            [
              85.1611447,
              20.9397974
            ],
            [
              85.155437,
              20.9422624
            ],
            [
              85.1549864,
              20.943585
            ],
            [
              85.1541281,
              20.9436852
            ],
            [
              85.1526904,
              20.9431642
            ],
            [
              85.15136,
              20.9437454
            ],
            [
              85.1487636,
              20.9442464
            ],
            [
              85.1428628,
              20.9444267
            ],
            [
              85.1429915,
              20.9428836
            ]
          ]
        ]
      },
      "id": "way/1021846869"
    },
    {
      "type": "Feature",
      "properties": {
        "@id": "way/1021846871",
        "industrial": "mine",
        "landuse": "industrial"
      },
      "geometry": {
        "type": "Polygon",
        "coordinates": [
          [
            [
              85.1635265,
              20.9297167
            ],
            [
              85.162797,
              20.9281434
            ],
            [
              85.1632583,
              20.9261392
            ],
            [
              85.1646852,
              20.9245458
            ],
            [
              85.1663911,
              20.923243
            ],
            [
              85.1708329,
              20.9230626
            ],
            [
              85.170865,
              20.923694
            ],
            [
              85.170747,
              20.9246761
            ],
            [
              85.1704574,
              20.9254076
            ],
            [
              85.1710904,
              20.9270812
            ],
            [
              85.1673782,
              20.9291756
            ],
            [
              85.1663268,
              20.9295864
            ],
            [
              85.1656508,
              20.9296966
            ],
            [
              85.1635265,
              20.9297167
            ]
          ]
        ]
      },
      "id": "way/1021846871"
    }
  ]
}